{
  "feature": {
    "main_f1": 0.9836065573770492,
    "main_auc": 1.0,
    "hard_auc": 0.5037755102040816,
    "hard_recall": 0.04285714285714286,
    "hard_precision": 1.0
  },
  "NLI": {
    "main_f1": 0.6086956521739131,
    "main_auc": 0.8322222222222222,
    "hard_auc": 0.7342857142857142,
    "hard_recall": 0.42857142857142855,
    "hard_precision": 0.8108108108108109
  },
  "ensemble": {
    "main_f1": 0.967741935483871,
    "main_auc": 1.0,
    "hard_auc": 0.7308163265306123,
    "hard_recall": 0.44285714285714284,
    "hard_precision": 0.85
  }
}