{
  "retrieval_hit": {
    "1": 0.6666666666666666,
    "3": 0.8333333333333334,
    "5": 0.8966666666666666
  },
  "n_questions": 100,
  "before_rate": 0.42,
  "after_rate": 0.0,
  "corrected": 42
}